<keymap version="1" name="Mac OS X 10.5+ copy" parent="Mac OS X 10.5+">
  <action id="ActivateDebugToolWindow">
    <keyboard-shortcut first-keystroke="meta 2" />
  </action>
  <action id="ActivateFavoritesToolWindow" />
  <action id="ActivateFindToolWindow" />
  <action id="ActivateStructureToolWindow">
    <keyboard-shortcut first-keystroke="meta 5" />
  </action>
  <action id="ActivateTerminalToolWindow">
    <keyboard-shortcut first-keystroke="meta 3" />
  </action>
  <action id="ActivateVersionControlToolWindow">
    <keyboard-shortcut first-keystroke="meta 9" />
  </action>
  <action id="CloseProject">
    <keyboard-shortcut first-keystroke="shift meta w" />
  </action>
  <action id="DuplicatesForm.SendToRight" />
  <action id="EditorDecreaseFontSize">
    <mouse-shortcut keystroke="control button142" />
    <keyboard-shortcut first-keystroke="ctrl minus" />
  </action>
  <action id="EditorIncreaseFontSize">
    <mouse-shortcut keystroke="control button143" />
    <keyboard-shortcut first-keystroke="ctrl add" />
  </action>
  <action id="EditorScrollTop">
    <keyboard-shortcut first-keystroke="ctrl page_down" />
  </action>
  <action id="EditorScrollUp">
    <keyboard-shortcut first-keystroke="ctrl page_up" />
  </action>
  <action id="EditorSelectWord">
    <keyboard-shortcut first-keystroke="ctrl w" />
  </action>
  <action id="EditorUnSelectWord">
    <keyboard-shortcut first-keystroke="ctrl q" />
  </action>
  <action id="ExpandTreeNode" />
  <action id="ExtractMethod">
    <keyboard-shortcut first-keystroke="shift ctrl m" />
  </action>
  <action id="FileChooser.GotoModule" />
  <action id="FileChooser.GotoProject" />
  <action id="Graph.ZoomIn">
    <keyboard-shortcut first-keystroke="equals" />
  </action>
  <action id="MoveEditorToOppositeTabGroup">
    <keyboard-shortcut first-keystroke="alt m" />
  </action>
  <action id="PrevSplitter">
    <keyboard-shortcut first-keystroke="shift alt tab" />
    <keyboard-shortcut first-keystroke="alt n" />
  </action>
  <action id="SplitVertically">
    <keyboard-shortcut first-keystroke="meta back_slash" />
  </action>
  <action id="Terminal.OpenInTerminal">
    <keyboard-shortcut first-keystroke="meta 0" />
  </action>
  <action id="ToggleLineBreakpoint">
    <keyboard-shortcut first-keystroke="meta 8" />
  </action>
  <action id="ToggleTemporaryLineBreakpoint" />
</keymap>